{"cameraMode":{"drawMode":0,"name":"Shaded","section":"Shading Mode"},"sceneLighting":true,"audioPlay":false,"sceneViewState":{"showFog":true,"showMaterialUpdate":true,"showSkybox":true,"showFlares":true,"showImageEffects":true,"showParticleSystems":true},"in2DMode":false,"pivot":{"x":-3.433385133743286,"y":2.5388660430908205,"z":-8.45775032043457},"rotation":{"x":-0.20248094201087953,"y":0.6817280650138855,"z":-0.20529387891292573,"w":-0.6723864078521729},"size":6.520100116729736,"orthographic":false}