{"cameraMode":{"drawMode":0,"name":"Shaded","section":"Shading Mode"},"sceneLighting":false,"audioPlay":false,"sceneViewState":{"showFog":true,"showMaterialUpdate":true,"showSkybox":false,"showFlares":true,"showImageEffects":true,"showParticleSystems":true},"in2DMode":false,"pivot":{"x":-7.149999618530273,"y":0.869999885559082,"z":-1.8599998950958253},"rotation":{"x":-0.1768791526556015,"y":0.5531812310218811,"z":-0.12157269567251206,"w":-0.8049581050872803},"size":3.255263090133667,"orthographic":false}