{"cameraMode":{"drawMode":0,"name":"Shaded","section":"Shading Mode"},"sceneLighting":true,"audioPlay":false,"sceneViewState":{"showFog":true,"showMaterialUpdate":true,"showSkybox":true,"showFlares":true,"showImageEffects":true,"showParticleSystems":true},"in2DMode":false,"pivot":{"x":-0.697624683380127,"y":7.711517333984375,"z":16.081144332885743},"rotation":{"x":0.0023981810081750156,"y":-0.0030002291314303877,"z":0.000006667977686447557,"w":0.9999944567680359},"size":49.374576568603519,"orthographic":false}